customer_id,name,city,city_tier,signup_date,acquisition_source
C001,Aarav,Mumbai,1,07-01-2026,Organic
C002,Vivaan,Delhi,1,27-02-2026,Referral
C003,Aditi,Mumbai,1,23-06-2026,Organic
C004,Ananya,Lucknow,2,23-01-2026,Organic
C005,Ishaan,Mumbai,1,08-01-2026,Referral
C006,Diya,Delhi,1,10-05-2026,Organic
C007,Kabir,Lucknow,2,20-02-2026,Organic
C008,Meera,Lucknow,2,18-04-2026,Ad
C009,Rohan,Lucknow,2,13-03-2026,Social
C010,Sara,Mumbai,1,10-02-2026,Organic
C011,Arjun,Bangalore,1,13-03-2026,Referral
C012,Priya,Bangalore,1,27-01-2026,Referral
C013,Karan,Mumbai,1,02-04-2026,Social
C014,Neha,Lucknow,2,09-03-2026,Social
C015,Yash,Jaipur,2,18-05-2026,Referral
C016,Pooja,Jaipur,2,21-01-2026,Organic
C017,Rahul,Lucknow,2,03-04-2026,Organic
C018,Simran,Mumbai,1,12-01-2026,Organic
C019,Dev,Bangalore,1,21-01-2026,Social
C020,Tara,Mumbai,1,08-04-2026,Ad
C021,Aryan,Bangalore,1,11-02-2026,Ad
C022,Kavya,Delhi,1,21-06-2026,Ad
C023,Nikhil,Mumbai,1,05-06-2026,Organic
C024,Riya,Lucknow,2,04-03-2026,Referral
C025,Varun,Jaipur,2,11-03-2026,Social
C026,Isha,Lucknow,2,26-02-2026,Organic
C027,Manav,Mumbai,1,28-02-2026,Social
C028,Shreya,Bangalore,1,13-04-2026,Ad
C029,Tanish,Delhi,1,26-05-2026,Social
C030,Anika,Bangalore,1,24-02-2026,Organic
C031,Aditya,Jaipur,2,14-06-2026,Ad
C032,Naina,Bangalore,1,05-02-2026,Ad
C033,Siddharth,Lucknow,2,18-05-2026,Ad
C034,Zara,Lucknow,2,20-04-2026,Social
C035,Krishna,Jaipur,2,03-04-2026,Ad
C036,Aisha,Delhi,1,11-05-2026,Ad
C037,Rudra,Mumbai,1,29-01-2026,Referral
C038,Myra,Delhi,1,24-06-2026,Ad
C039,Om,Mumbai,1,09-04-2026,Ad
C040,Vanya,Jaipur,2,16-05-2026,Ad
C041,Ayaan,Lucknow,2,03-01-2026,Organic
C042,Sanya,Mumbai,1,24-06-2026,Social
C043,Reyansh,Bangalore,1,14-06-2026,Ad
C044,Aria,Bangalore,1,22-04-2026,Referral
C045,Vihaan,Mumbai,1,09-03-2026,Social
